Ticker,Growth (%),CAGR (%),Net Profit Margin (%)
MMM,74.15587004531288,41.56240657815129,16.980671414038657
AOS,-10.29117443796643,-6.577562525666636,13.975537571043189
ABT,26.478878947877504,15.854890005706102,31.94755661501788
ABBV,31.99042344224839,18.99259365572561,7.59399297049739
ACN,-28.941766031720302,-19.26974944289357,11.194426556121764
ADBE,-41.20537461224994,-28.304842051416845,25.854452452917926
AMD,24.664448134046555,14.810823712464005,6.364165212332752
AES,-25.9750147083401,-17.17424343955066,13.674865613292067
AFL,28.398717581118767,16.953537630119374,28.455667084901716
A,-16.465516685352863,-10.659402867526335,19.80030721966206
APD,9.753103332915344,6.00373445864002,31.63644777944895
ABNB,-10.008922897159414,-6.393519600438557,23.851558277787785
AKAM,-39.656057121241645,-27.1269721577732,12.65088314999519
ALB,-47.181082236004045,-32.961022288848284,-21.93292975245494
ARE,-37.95778195112489,-25.84875871027692,10.58951256285032
ALGN,-47.98453149698291,-33.6017280307312,10.536652553180636
ALLE,34.7343610447056,20.53642541859686,15.839563119664918
LNT,34.47086040293747,20.38868408417094,17.33232856066315
ALL,48.25631384622386,27.979354438799376,7.279107853076503
GOOGL,46.65121896971557,27.109531902942653,28.603671811164
GOOG,45.665842403327964,26.573781339858837,28.603671811164
MO,73.61768196633119,41.28817562056286,55.096849931520254
AMZN,48.52932256387564,28.126950800324124,9.287117197186653
AMCR,7.05839821589925,4.365610956499655,5.351906158357771
AEE,43.816395713447015,25.564565504785143,15.505706414797324
AEP,44.523743319417996,25.951123860055603,15.045154224113015
AXP,61.151758374200604,34.84440635754436,15.358837889884608
AIG,17.096559262219944,10.393361721457106,-5.148514851485149
AMT,-0.8482070118309556,-0.5322474593852822,22.26676672722964
AWK,12.721170756550032,7.7907477387863855,22.438087105038427
AMP,36.30697828063133,21.415937876717873,19.699953660797036
AME,12.895769954715085,7.895319483270202,19.825505173471946
AMGN,1.5445768057164244,0.9649069929882126,12.236716132120632
APH,130.07946954016106,68.54535738487455,15.923587799798986
ADI,18.70097660205375,11.338579945254178,17.346406769294283
AON,29.056434991590933,17.32850977306444,16.906612307300293
APA,-40.31999871663288,-27.630334403465685,8.257163397350313
APO,58.7805286998043,33.597904242079515,17.526997013096423
AAPL,24.450313500375113,14.687232327818567,23.971255769943866
AMAT,21.314849324702994,12.86834835102686,26.409331763320576
APTV,-25.806806161254453,-17.05638174831644,9.065083954750671
ACGL,23.6491164276104,14.224101733987403,25.4695806261075
ADM,-15.86039773063379,-10.254491921670272,2.104524728165556
ANET,140.42147891379773,73.25272607913722,40.725325446592144
AJG,30.289686800427724,18.029682444920514,12.658698906957222
AIZ,22.494619396434484,13.55477052456726,6.400336771206063
T,78.68292589086086,43.85675193039042,8.949123724823437
ATO,45.87734168509738,26.688887588320576,25.03837162653201
ADSK,24.158550631390092,14.51870859404638,18.137334855651606
ADP,35.27510406055532,20.839275364632638,19.842030261321245
AZO,57.1018069733064,32.711231028301754,14.399071987490933
AVB,4.3397594906853545,2.6972549212669117,37.133982003303636
AVY,-12.196137422070983,-7.8254055778493985,8.050755507840607
AXON,234.81698670727428,113.20252239298978,18.104647913159308
BKR,33.049769617670854,19.590025048889913,10.704660605842827
BALL,-3.210098793075469,-2.0233667007131917,33.980500211954215
BAC,40.88012724157035,23.952270610339752,26.62950131027511
BAX,-36.60510167217518,-24.839985495801997,-6.101918014291087
BDX,-18.966919627940467,-12.344961883833317,8.449796808405194
BBY,-4.371758807918325,-2.7617312985472875,2.23222885763822
TECH,-33.80148549360373,-22.774403556630375,14.50356323227443
BIIB,-51.189719345655504,-36.19538898681939,16.86871505493029
BLK,45.47727401524364,26.471102340019325,31.209878963100895
BX,38.000930628878855,22.359079865562514,25.401379986716115
XYZ,1.620047284920167,1.0119128776427067,12.010449958382829
BK,106.00438789169968,57.269272648702696,24.81104173512981
BA,-8.992691405954771,-5.732660835502479,-17.765383285475895
BKNG,57.28641152900044,32.80890870467567,24.77779181936897
BSX,78.31950054902225,43.673373118790714,11.070639517525526
BMY,-5.257939036080822,-3.327252530456648,-18.525879917184266
AVGO,186.29847904442425,93.28471927020215,11.430177996664986
BR,36.2092843813941,21.361411722619096,12.18591688319229
BRO,33.52647975552312,19.8582916914968,21.105207226354942
BLDR,-20.06288968130187,-13.089586299746347,6.572351609939507
BG,-14.362196360552945,-9.25663274985482,2.1409203886420127
BXP,-4.319001907202068,-2.7281260386536332,0.41881387520508584
CHRW,39.49918017988378,23.18966268454059,2.6273125868408362
CDNS,33.914037935358685,20.07612490897841,22.741304954857124
CZR,-49.68605791186436,-34.97093755141972,-2.4722098710538014
CPT,11.0822269458501,6.806176221903604,10.57705386950219
CPB,-22.685949590475914,-14.887409662008654,5.884184308841843
COF,61.208618010111095,34.87421176194929,12.144610349764779
CAH,57.309440932802126,32.821090982347975,0.37561665939240035
KMX,-27.87401406091461,-18.511866986605476,1.899396738639615
CCL,64.08328130136547,36.37601272781019,7.657567643179728
CARR,19.1232648041008,11.58656975884762,24.922173797029263
CAT,46.342976821595734,26.94208514770451,16.65200820873644
CBOE,44.275373965332946,25.815473175061456,18.681157650506776
CBRE,66.7024156420755,37.73578431618012,2.706405345709732
CDW,-24.821552733257644,-16.368020078092837,5.132698690871339
COR,38.51853070853324,22.6464002300649,0.5133784162578622
CNC,-66.69269875997269,-49.78071180386118,2.026724555561688
CNP,39.45935696398572,23.16762917061681,11.789887770450076
CF,2.9136147699798753,1.8155801942469019,20.5188679245283
CRL,-36.50373298050627,-24.76471436403682,0.2542476041292952
SCHW,43.91046756168191,25.616015697498252,30.307048862593085
CHTR,-34.46655234234937,-23.261391058942383,9.227557411273485
CVX,10.698850626316416,6.5750873621211126,9.131190089652248
CMG,-7.695738491650278,-4.89323759358975,13.559571615434635
CB,21.685904411309682,13.084505933993329,16.512911843276935
CHD,-2.2165868042273185,-1.39450109977739,9.583926904750209
CI,-9.015464776068358,-5.747440148578065,1.4051656409584916
CINF,47.21314673914019,27.414450750732613,20.216988621328394
CTAS,54.71577577402329,31.444854196020945,17.526588751202713
CSCO,49.63769588081474,28.725131553881724,19.18108655651172
C,85.26554234835598,47.1545107822632,15.639605865160503
CFG,51.74861152024973,29.85981989177724,19.361046959199385
CLX,-9.339283597500247,-5.9577397069607745,11.402027027027026
CME,42.515504749575705,24.851782519687692,57.5161906004796
CMS,31.17281340191625,18.530267003480372,13.34664005322688
KO,22.9395112957861,13.812978922620744,22.589830220352308
CTSH,-4.280492888830486,-2.7036008099321385,11.349817592217267
COIN,97.94747506343563,53.38709001689639,39.29090491387301
CL,9.09343215649954,5.604119180619738,14.372419282622756
CMCSA,-23.798454215926608,-15.65677406779602,13.08645367773638
CAG,-28.451627662546663,-18.921328517433402,9.923532653623587
COP,-16.53052637289423,-10.70296869276749,16.887386975979542
ED,19.102634070230568,11.574461945046233,11.929732564237021
STZ,-27.684967812674472,-18.378121245539468,-0.7973591152644313
CEG,194.30962107497322,96.65563532193168,15.907162253903598
COO,-24.638143620269307,-16.240251542602525,10.070852800739335
CPRT,-2.7783619058263542,-1.7497944095762108,32.17080345343669
GLW,124.58202051407568,66.01094788721102,3.8572953194084465
CPAY,7.153009952788582,4.423384860007218,25.254082874984057
CTVA,48.47494071348298,28.097558495682673,5.364324580080435
CSGP,10.578049394304093,6.502209745659471,5.069073898106864
COST,52.22571385626013,30.115459757185814,2.8952301603832535
CTRA,-1.7616888623523734,-1.1073602925265935,20.538658849395382
CRWD,71.93486624965861,40.42864965543349,-0.4874262195899256
CCI,-2.2868559536570703,-1.4389008582092133,-59.42448233861145
CSX,4.597250287655441,2.8559605810147604,23.86519944979367
CMI,65.95826899421601,37.35026359418381,11.57116884640197
CVS,-12.647853911087589,-8.122779761053323,1.2376310657736267
DHR,-13.943002649952382,-8.978604131023726,16.330890052356022
DRI,31.7811784547078,18.874375850769788,8.691115950549404
DDOG,13.755649616945794,8.409443927238769,6.845274794870123
DVA,21.15258746323951,12.773745361083911,7.306295867130166
DAY,-22.493182716150105,-14.754521154544742,1.0284090909090908
DECK,-9.480994705133721,-6.049860214168601,19.377580926875176
DE,30.082295672962868,17.91194293728362,14.054396452749515
DELL,89.56420497313367,49.28445306361431,4.805005912082622
DAL,35.23177479367913,20.81502494670935,5.608098243109517
DVN,-23.778760260943987,-15.643118175649807,18.13676286072773
DXCM,-35.93305471073754,-24.341792799425257,14.287131167865114
FANG,-4.184137028300236,-2.642250818713976,30.28213734917899
DLR,31.58533354414928,18.763665195803835,10.845967069477268
DG,-13.878300406514121,-8.935735723575123,2.770719162279573
DLTR,-18.535142264610364,-12.052637694298362,-17.23753448815314
D,37.1524194443993,21.887198066168345,14.689812573483643
DPZ,8.784163500604569,5.41645992452553,12.412204955957995
DASH,168.70205774564283,85.75420114272497,1.1471740346950194
DOV,16.45203778140152,10.012291333282697,34.82000627686176
DOW,-57.75551490439375,-41.71663777533413,2.597523508053254
DHI,6.201287186791192,3.8413510363132897,12.9245083067492
DTE,32.17993716474027,19.099603430746125,11.270771453801077
DUK,35.81610207757354,21.14181598603926,14.902658365451133
DD,-6.292930438613062,-3.9902459269419266,5.675762958178589
EMN,-27.3025207845145,-18.10794767783439,9.646130888936261
ETN,54.85684794235299,31.519929668429135,15.250422059651097
EBAY,118.28295214421783,63.078311886731655,19.206457259554604
ECL,39.72221989996116,23.31302340382322,13.419390905510312
EIX,-20.029076760377993,-13.066556326691481,8.784590033524632
EW,3.678706881730048,2.289140698242753,76.74602445077673
EA,24.44828343582202,14.686060262222277,15.020769127696637
ELV,-37.24098249841954,-25.31318736354483,3.382161642441038
EMR,42.2766623723754,24.72065263086951,11.250857534873084
ENPH,-75.28192832299241,-58.339630421849705,7.716424518352985
ETR,86.14620819265133,47.59236232491419,8.932786168080835
EOG,0.8476707119407046,0.5302289848189812,27.38899820343913
EPAM,-45.745484740844226,-31.825202626140626,9.613764134062615
EQT,35.36152978023605,20.88763723688791,4.415329807866122
EFX,0.9254967981454488,0.5788266146314891,10.63350407491507
EQIX,-1.2470631757336004,-0.783116140864748,9.316415180612712
EQR,7.818389784589706,4.829156979259297,34.7581698381401
ERIE,9.21577748552819,5.67830149821047,15.542496331300404
ESS,7.522095607274442,4.648582178787053,41.78883597734509
EL,-35.628812232849924,-24.116898181068358,2.498718605843157
EG,-5.891676842176579,-3.732888408309898,8.040524713047551
EVRG,44.791468130531506,26.09724834542584,14.938518632531252
ES,9.602598601445353,5.912640945036318,6.82014978981681
EXC,31.817266953031226,18.894769884596883,10.68264721208963
EXE,33.99415021662141,20.12112390434757,-16.91542288557214
EXPE,31.84837975043251,18.91235041757584,9.013220363742604
EXPD,-6.076365987587593,-3.8512940049054922,7.641826835771657
EXR,-11.671826603966585,-7.480956641626824,26.242146678039436
XOM,9.864485589993153,6.071118920261975,9.927869664285904
FFIV,82.57488594220032,45.8119219783095,20.12620200843714
FDS,-16.19327088623307,-10.47709647184063,24.380950824672638
FICO,16.772159992437246,10.201660324523697,29.85753927451462
FAST,55.16786140894956,31.685353945896466,15.247813411078717
FRT,-6.834229279273002,-4.338079306000764,24.550501807972378
FDX,-6.631083299800955,-4.207451416318452,4.653913518185747
FIS,20.143452076597168,12.184326497495167,14.318159375925744
FITB,26.55121134412946,15.896395396850526,28.0382891069914
FSLR,7.254873355421471,4.4855656401891375,30.716957394035454
FE,24.551318781046948,14.745539102873462,7.259501187648457
FI,0.12023118418085081,0.07530803650592777,15.306022682831443
F,4.363713416280024,2.7120252020672364,3.177975263795191
FTNT,28.746972934002702,17.152171079950797,29.302528627556327
FTV,-13.516397446632178,-8.696178705648904,13.365319811290476
FOXA,82.32100208051146,45.684858248145034,13.883435582822084
FOX,78.71144973252245,43.871138721425275,13.883435582822084
BEN,-6.973707454283342,-4.427828824794055,5.482425100259495
FCX,1.9094520448102028,1.1920444350941972,7.420938911805146
GRMN,88.31817532907674,48.66893233549972,22.41476484551215
IT,-47.62721555174385,-33.31633551510079,20.00371445242701
GE,176.31122668971423,89.03253488951168,16.939693039119426
GEHC,-5.454517767331481,-3.4529677449319673,10.131150874339163
GEV,395.50952124631607,222.66584364380302,4.442536138543009
GEN,37.51857605994232,22.090961786390785,16.340533672172807
GNRC,54.078665123736414,31.10547906871577,7.571428504918952
GD,25.920220322817748,15.534024259763513,7.92606253667533
GIS,-20.10550306342129,-13.118615447829296,11.778350250941672
GM,50.892646786676956,29.40042513062602,3.205258159857449
GPC,0.8481493048020017,0.5305278795789903,3.84933193094317
GILD,51.430511733335834,29.689209585971945,1.669332962370453
GPN,-35.34919325879384,-23.910555004898136,15.539100251793656
GL,16.965341829358653,10.315843651078804,18.531485172641588
GDDY,29.466025343219055,17.561661250631253,20.486748884807138
GS,92.1467596694805,50.5554074249168,26.678128270294515
HAL,-39.99344055885693,-27.382496889769612,10.900453277545328
HIG,61.619595334000785,35.0895264331067,11.791237113402062
HAS,66.22445787410335,37.48824233210042,9.324144601620118
HCA,40.27651014420958,23.619276924447696,8.158293556931008
DOC,-6.5225863104458535,-4.1377286580459804,9.003761966991416
HSIC,-12.731597972495406,-8.177973236084968,3.077408664089008
HSY,0.4591333623821929,0.2874013249102081,19.828484655287955
HPE,28.191898593540422,16.835479616830895,8.560427523483918
HLT,46.24227425511696,26.8873518297887,13.737247180955789
HOLX,-6.072317942965274,-3.848697841513826,19.589112473016897
HD,16.59803300947715,10.098679212979889,9.281943904610253
HON,6.816467954363382,4.2177913731825,14.81895163385111
HRL,-7.411358925445782,-4.709769685373155,6.753222959840688
HST,-15.92246432893602,-10.295973160964799,12.262491203377902
HWM,238.13185196952008,114.52251747085933,15.545087483176312
HPQ,-7.547741453314417,-4.79773077543414,5.1812020388730184
HUBB,30.959560242843214,18.409503833256167,13.818957093364128
HUM,-42.22863526135937,-29.089139348146077,1.024957328827031
HBAN,33.48779643151949,19.8365361629957,26.269465132024372
HII,5.3792891623449455,3.337081748335047,4.768097095795405
IBM,58.57706970630387,33.490627657627556,9.597947508485651
IEX,-24.65061359930943,-16.24893483830703,15.449094468918256
IDXX,20.151909771074425,12.189274159595943,22.780399968800545
ITW,2.1286814050818097,1.328370203374396,21.93986664989307
INCY,19.77082206992186,11.966212565965794,0.7690009730697581
IR,-0.9623042492785281,-0.6039726813424684,11.590877677954389
PODD,46.860506531084226,27.223148517629326,20.192122031280167
INTC,-57.70462670003644,-41.67266177610694,-35.321368712453626
ICE,50.05368180535956,28.94920861487986,23.416376158489925
IFF,-19.728772525929607,-12.862178510053624,2.115987460815047
IP,38.21810654914881,22.47968338032247,2.991567753370213
IPG,-19.441362843423228,-12.666843610090773,6.448927672867738
INTU,25.392948346952053,15.23069736658853,18.1946576604237
ISRG,42.026699791149426,24.58332941721317,27.808575088899794
IVZ,25.809170947648223,15.470179719471044,12.77072688313829
INVH,-9.021747859067839,-5.751517945942997,17.332075318964684
IQV,-21.9323750653941,-14.368614955778602,8.912690684842584
IRM,37.41208875479084,22.03172322879108,2.9294091993881533
JBHT,-27.349617395247577,-18.14118961184881,4.7230608501354
JBL,75.70601783729052,42.35051328468722,4.80559498667036
JKHY,0.019431436361006804,0.012173369819712399,17.2335179231457
J,41.199010511893306,24.127971810378448,7.008930834442155
JNJ,13.642620883697582,8.341946800280088,15.836345008500242
JCI,90.3163072392322,49.65524945155464,7.428546531892645
JPM,74.60099513522455,41.78897869506319,34.50858421024676
K,45.341183790847,26.39696779163041,10.534159541924856
KVUE,4.811383546430557,2.987831513923589,6.664509867356842
KDP,8.120787857345922,5.013260756761473,9.387010618200769
KEY,30.187417634466097,17.971631236780095,-3.664921465968586
KEYS,6.090424391373157,3.7734255524354055,12.331793532837919
KMB,17.470759945225662,10.61424670391955,12.688204207797387
KIM,4.760911193638393,2.9567579016215317,20.1660371504565
KMI,64.82668072753292,36.76278087495186,17.304635761589402
KKR,77.06304017125272,43.03830419682784,14.215360719783396
KLAC,65.46414378299632,37.09391494889414,33.41221513829776
KHC,-21.522506727149906,-14.087228594505852,10.61672986148727
KR,65.81551776830659,37.276234590903236,1.81140950089381
LHX,32.57441892279464,19.322165721090776,7.04337631887456
LH,16.489179045201375,10.034272290469914,5.734535587174934
LRCX,37.931142898807636,22.320309852067965,25.68046208263241
LW,-49.73508629697503,-35.01064458707251,5.536868538124099
LVS,6.143056456858685,3.805676451112805,12.798725438130642
LDOS,66.12752424101502,37.43800644208031,7.526107310046813
LEN,-13.157957929113437,-8.459283049142297,11.095857472205145
LII,33.659099270379116,19.932859136810734,15.106809203751896
LLY,6.73957819193579,4.170785487779649,23.5110239839086
LIN,17.512393820257174,10.63880629043259,19.89092561733071
LYV,66.79011976346466,37.78117888586101,3.870709600798942
LKQ,-35.00016244147688,-23.653456878113587,4.806687565308255
LMT,-2.870347330558667,-1.808043343868837,7.510944076122912
L,33.70617957866949,19.959324146680313,8.202331921805209
LOW,14.079954252540903,8.602969333930588,8.314410689102946
LULU,-62.517315515934136,-45.92399991753812,17.13821690448338
LYB,-43.97014880376163,-30.435994363108353,3.3745223562106097
MTB,41.07687167582059,24.06069217467788,28.03596576752248
MPC,8.950269367626396,5.517275032977453,2.4808445673464687
MKTX,-33.39435103239708,-22.477185720965554,33.55550197834528
MAR,18.902596803836015,11.457022952547312,9.46215139442231
MMC,9.90701675829347,6.096842855826257,16.59988551803091
MLM,25.472291127729218,15.276371767146578,30.523255813953487
MAS,7.1559250921481725,4.4251646639983155,10.500766479305058
MA,37.522815949658685,22.093320069159827,45.70596797671033
MTCH,0.8973258858878843,0.5612372201014626,15.844119040988133
MKC,4.6654865801497,2.8979938716943154,11.727174026205809
MCD,6.5321465379451995,4.043910830513675,31.724537037037038
MCK,42.183949746336864,24.66972914539498,0.917696928848548
MDT,17.838770686814886,10.831221685391013,13.901064495929868
MRK,-25.42772658356086,-16.79113055497098,26.675289864106723
META,123.3735684942917,65.45073886570552,37.90858414234564
MET,19.296739700190727,11.688348154080263,6.3321744853141055
MTD,3.440979691240583,2.1421375595788383,22.289760691216546
MGM,-24.846084764285173,-16.385118682750388,4.330245940601066
MCHP,-25.78107010242024,-17.038357610866505,-0.011359505634314794
MU,45.33140753740758,26.391641222848207,3.098243797538927
MSFT,42.35872568754292,24.765716519335832,36.146015248967075
MAA,11.160156101196163,6.8531133533758615,24.07756222572643
MRNA,-76.78222147623698,-59.942291471770126,-111.31603626133166
MHK,14.561172120823871,8.889752848250732,4.77719643071358
MOH,-57.76922606196088,-41.72848991320129,2.900369003690037
TAP,-14.36029135631211,-9.255368114896312,9.653392964651243
MDLZ,-12.787606648224486,-8.214898098847168,12.653330040339178
MPWR,34.72244898918958,20.529748816564375,80.95238095238095
MNST,10.411336871363577,6.401585663571185,20.14021897820935
MCO,36.55493654146303,21.55426597922434,29.03498871331828
MS,61.47755902845806,35.01513550083395,23.238055570017877
MOS,-8.325744264566747,-5.300440425215802,1.5724457870320423
MSI,47.733392702433235,27.696364480969017,14.578903577701766
MSCI,0.1295217031578545,0.08112584217772056,38.83327357877518
NDAQ,73.73008951442964,41.34547850856676,15.094594594594597
NTAP,27.5231196597834,16.45323414487576,18.046256847230676
NFLX,158.62113439667823,81.35701442565657,22.336962115246067
NEM,74.65921655182699,41.81859788361621,17.920993469649932
NWSA,18.116763333809402,10.994955254040129,13.96119261713204
NWS,30.026297612441127,17.880139857565847,13.96119261713204
NEE,23.015262906239737,13.856909193938138,28.061245101603845
NKE,-28.34479919374348,-18.84550664443243,6.951132609212032
NI,65.70030253322992,37.216468047966856,13.939249509633186
NDSN,-16.822291528708384,-10.89864953119115,17.37166258786039
NSC,23.539217376442075,14.160487477510419,21.628309824300914
NTRS,55.411113578224246,31.814650520751965,24.499421017079996
NOC,26.86375536279815,16.07563598506068,10.172300343625862
NCLH,31.00436899450659,18.434884680840803,9.602220588078612
NRG,207.94547807567594,102.31555475369318,3.999289015286171
NUE,-18.906104999767177,-12.303753706223297,6.595301620355307
NVDA,279.4662608987084,130.59638062248106,55.848027157712444
NVR,12.766253060428326,7.817754427154622,15.952166490840721
NXPI,-3.8337408721678137,-2.4193467936942104,19.898525447915016
ORLY,64.01934201378975,36.34271652348242,14.284244544341828
OXY,-24.19591165527898,-15.93265555761587,11.434985968194574
ODFL,-26.737756494009997,-17.70994774007916,20.3974506475706
OMC,-12.281861687930562,-7.881795600614517,9.437125137834547
ON,-41.485571966690316,-28.51909415281374,22.20747497281956
OKE,14.078006437475517,8.601807609462808,13.987464282422343
ORCL,145.22631947584378,75.41394254488112,21.678078015296435
OTIS,1.334000357081618,0.8336829245191968,11.534955472968235
PCAR,5.314531724578091,3.2972928324670248,12.363428965238624
PKG,24.50530528145053,14.71897932845232,9.603616714181767
PLTR,1027.6236886259096,356.22782377566074,16.129431894600152
PANW,15.644461992508765,9.533702071716732,32.10962317035192
PSKY,-25.021898735891007,-16.50772050290026,-21.189196590558996
PH,61.26345872095362,34.90295514105177,14.271305714724114
PAYX,26.08223894562701,15.627134345371463,29.74496114291868
PAYC,13.62426048000309,8.330980190409143,26.656754460492778
PYPL,10.071595401260105,6.196349207976692,13.042110890964556
PNR,47.6556970265788,27.654285904154708,15.31791907514451
PEP,-11.60490811222523,-7.43704918618584,10.427417423302197
PFE,-7.548795329215846,-4.798410670427755,12.62200009429959
PCG,-16.38113467586621,-10.602873686123848,10.287071542651214
PM,90.0851759460081,49.54135700732864,18.630867522044458
PSX,-6.667291092051858,-4.23072614240807,1.4788373278939317
PNW,36.36811324902472,21.450051873206167,11.879338486589534
PNC,29.436764626588474,17.54501429356963,28.300254697486665
POOL,-19.630205881501013,-12.795159363883624,8.177910819395313
PPG,-24.970629243371842,-16.471957240938274,7.043231303250237
PPL,39.00603649819939,22.91664873621948,10.493973056015127
PFG,2.143768813379416,1.3377481480235875,9.741004606980537
PG,7.816974487374219,4.828294875302408,18.952588866214228
PGR,56.55857156701231,32.42354614870675,11.255192917722947
PLD,-17.438838281392304,-11.312999993829697,45.49881059938232
PRU,5.840888517839303,3.620438190861819,3.8601457994196333
PEG,49.42970760458991,28.613008312283128,17.220602526724978
PTC,21.816991176451424,13.16081146363619,16.373181835584685
PSA,-4.150053261183291,-2.6205551259710136,44.12650012266761
PHM,21.118174405908505,12.753675550300404,17.179866216822358
PWR,84.88386534563655,46.96450631863098,3.8222102628777037
QCOM,8.528844590224574,5.261386306322913,26.030491247882555
DGX,30.215040482897926,17.987312516262264,8.822933549432738
RL,102.10420910289109,55.397212466380076,10.49442011583557
RJF,49.967618379883895,28.9028683139281,16.362053959965188
RTX,87.87884117156484,48.45154512118479,5.912953008496618
O,7.221854314067288,4.4654121455111495,16.329895874556215
REG,12.728989965160162,7.795432148120218,27.538819619452177
REGN,-37.61808713200324,-25.59466230422872,31.07027179270525
RF,36.75480173665238,21.665696202120156,26.725963574756463
RSG,44.918596403152634,26.166599750783792,12.743263473053892
RMD,67.54963631196232,38.173923077667716,27.217916778315875
RVTY,-20.995484114440195,-13.72621779730714,9.814244947234618
ROK,11.766398986257048,7.217837829244633,11.525616514605165
ROL,38.1760849975618,22.456353230379623,13.762737893025898
ROP,0.9874652697356947,0.6175121254922589,22.009603364018638
ROST,7.170825814855821,4.434261842240761,9.8949705618556
RCL,153.67016963009613,79.17405615409079,17.452229299363058
SPGI,29.07363022564717,17.338303383982655,27.111486486486484
CRM,-5.275653836963717,-3.338577429640288,16.353080881382766
SBAC,-10.89719619954471,-6.973453099171866,27.97158119355106
SLB,-34.16974368772981,-23.043829375757962,12.29298134420899
STX,89.80672706732562,49.40407959581137,16.148180718918326
SRE,13.178900536838992,8.064765034858222,21.706484641638223
NOW,26.90685143401364,16.10033816670193,12.973415877640203
SHW,16.97444197658338,10.321220706029033,11.608546009481135
SPG,24.34135222755711,14.62431301833984,39.754800548241235
SWKS,-31.596628685017116,-21.172833362915544,14.265198659645764
SJM,-9.567375965633303,-6.106039509639494,-14.10481200077927
SW,17.460093316200442,10.607953996880637,1.5112037519541428
SNA,15.909848621001796,9.69111401002738,20.434969853574504
SOLV,-8.262500762939453,-6.105423310261104,5.803246910588805
SO,40.91801935555072,23.973156522355566,16.468343062415805
LUV,7.662132460781732,4.733949973431817,1.6919550267438053
SWK,-25.17067775308882,-16.61155371452203,1.9153048673343875
SBUX,2.172338388547149,1.355504843275157,10.396061498996579
STT,50.26559053656131,29.0632672231248,20.798823438346624
STLD,5.8035923732066035,3.5975608185089714,8.763396937012233
STE,13.50256360005985,8.25827429668633,11.258161210290659
SYK,29.210472065462106,17.416224811755686,13.246293427749503
SMCI,56.24452042359778,32.257061871962975,7.689950618613298
SYF,89.54465729377922,49.274808479886985,21.69922480620155
SNPS,24.139724110623636,14.507829221617863,36.938451907127224
SYY,13.64475843537053,8.343223509987507,2.4795799299883314
TMUS,54.62018927311121,31.393970653118576,13.92997542997543
TROW,4.512937650579,2.8040101763748604,29.605559941355587
TTWO,36.48750635104241,21.516658094025477,-79.50333712013634
TPR,196.96124797026948,97.76380863658231,12.231682455929969
TRGP,98.35956502695893,53.58706875929635,8.009034581692763
TGT,-22.63893448052913,-14.854987259066244,3.838935495373759
TEL,49.168437321631515,28.47207893507049,20.151467339854847
TDY,24.55624181619909,14.748380545434614,14.447971781305114
TER,3.2649817087305024,2.0332245508304814,19.233868107862744
TSLA,32.698654023939014,19.392206570793725,7.298597604667827
TXN,16.416736744836363,9.991397032897108,30.682181446199092
TPL,64.89597225802353,36.7987979253587,64.31640793796744
TXT,-4.099687956219634,-2.5885008517852803,6.013720624726317
TMO,-14.94193274603691,-9.641979769695686,14.774131859418363
TJX,43.67981404905578,25.489843275652824,8.630234208658623
TKO,104.27204017725484,56.43940607306086,0.33547988636189396
TTD,-23.176083927451252,-15.225854220040203,16.077839327135496
TSCO,40.29464067920198,23.629286670355597,7.399199810847524
TT,81.44064618936946,45.243745130587534,12.94421872952183
TDG,47.88540040002463,27.7786652119854,21.58690176322418
TRV,42.04808246561505,24.59508005451574,10.767209442577755
TRMB,59.71400462258389,34.089435788135745,40.843808541253765
TFC,25.421201719598763,15.246962917256845,36.285585178490734
TYL,45.60263542679527,26.53936949830875,12.303565857097217
TSN,8.021932231375823,4.9530973830675284,1.500684687388621
USB,9.363911410226592,5.768078829415746,23.043716846533748
UBER,53.408694621466445,30.74803433151083,22.411205602801402
UDR,6.142738464825631,3.8054816158032745,5.358460907190991
ULTA,2.3838405402090004,1.4869010126082438,10.63345247650114
UNP,-5.602503159768021,-3.547671169762412,27.82268041237113
UAL,119.27799174556495,63.54365074903827,5.5184620507158755
UPS,-40.844471504140465,-28.0294396313444,6.348962336664105
URI,53.5887579385698,30.844159464744614,16.780710329097424
UNH,-52.21497301051191,-37.03835591926059,3.598748869535673
UHS,10.857707391140183,6.670878127317792,7.215704385948009
VLO,7.607410089232931,4.70059563608316,2.1327214912111856
VTR,42.34907950143017,24.760419958367773,1.6480222636226394
VLTO,33.73735570832476,19.976847107498898,16.040824186404777
VRSN,35.26068558933369,20.831205992106394,50.44946706048542
VRSK,12.371654775655362,7.5812320894614205,33.22691466842489
VZ,24.389875645467903,14.652335240248027,12.987803068522421
VRTX,-10.797983675684097,-6.908572712728011,-4.8602099799457354
VTRS,-8.935353795448444,-5.695456363025886,-4.30278235737111
VICI,9.477946913870323,5.837159699617556,69.59385119784474
V,31.529270536000865,18.73196158459225,54.954628959527916
VST,437.8808965009169,186.9296845543496,15.437761263353462
VMC,29.57290716700488,17.622456338238447,12.293568087142914
WRB,51.87315554127937,29.926581698133493,12.826664099554105
GWW,18.25376230514667,11.075592678636848,11.119524697110904
WAB,53.19713152135539,30.63503947063746,10.166554346779629
WBA,-51.53216464914737,-36.47620645562228,-5.848650259383169
WMT,98.7245095577374,53.76403927527748,2.854101044810091
DIS,25.601342981924784,15.350638616900802,5.442147086831362
WBD,-6.432247082459949,-4.079697569417117,-28.76579944558887
WM,33.72108494652279,19.967702098488683,12.446176857181706
WAT,-14.430035790502052,-9.30167473228617,21.560194795339488
WEC,35.175161511093556,20.783335389881884,17.77229967790323
WFC,64.64026532305591,36.66585591226905,23.964712744240305
WELL,92.3366550895704,50.648608158065024,12.117727141809036
WST,-30.55512316116591,-20.423019328964887,17.029586616894786
WDC,95.37970672966132,52.13748303734522,-6.137045297239099
WY,-23.415780770626938,-15.391661771292164,5.558674901740595
WSM,101.71256413877512,55.20848315286,14.591778737868347
WMB,73.25636103228737,41.10388824949123,21.184423498048176
WTW,39.13281045262373,22.986867764447783,-0.986908358509567
WDAY,-17.224538417078648,-11.16884907482648,6.227800142079091
WYNN,14.32488598759534,8.748993620703317,7.029752267163078
XEL,21.98443718039641,13.258237091749713,14.403690201621902
XYL,27.679758470313807,16.54282921112462,10.39476757766877
YUM,12.751012745752044,7.80862512254572,19.684726453834944
ZBRA,18.538693424531516,11.243191120935304,10.600281068058623
ZBH,-17.13592294846204,-11.109281750380429,11.770374807907691
ZTS,-23.557157405651957,-15.48954831817041,26.858254105445116
